Workbook
Name tasks: 'Tasks and Durations'!$A$5:$A$15

Sheet Resource scheduling
D1: Pick d, ma, me, dev from the drop-downs to select the activity type
B2: Task (pick from the drop-down) | C2: Duration (days) | D2: 1 | E2: =D2+1 -> 2 | F2: =E2+1 -> 3 | G2: =F2+1 -> 4 | H2: =G2+1 -> 5 | I2: =H2+1 -> 6 | J2: =I2+1 -> 7 | K2: =J2+1 -> 8 | L2: =K2+1 -> 9 | ... AB2: =AA2+1 -> 25
A3: A | B3: Assemble all new Parts | C3: =INDEX('Tasks and Durations'!$B$5:$B$15,MATCH('Resource scheduling'!$B3,tasks,0)) -> 1 | D3: dev
A4: B | C4: =INDEX('Tasks and Durations'!$B$5:$B$15,MATCH('Resource scheduling'!$B4,tasks,0)) -> #N/A
A5: C | C5: =INDEX('Tasks and Durations'!$B$5:$B$15,MATCH('Resource scheduling'!$B5,tasks,0)) -> #N/A
A6: D | C6: =INDEX('Tasks and Durations'!$B$5:$B$15,MATCH('Resource scheduling'!$B6,tasks,0)) -> #N/A
A7: E | C7: =INDEX('Tasks and Durations'!$B$5:$B$15,MATCH('Resource scheduling'!$B7,tasks,0)) -> #N/A
A8: F | C8: =INDEX('Tasks and Durations'!$B$5:$B$15,MATCH('Resource scheduling'!$B8,tasks,0)) -> #N/A
A9: G | C9: =INDEX('Tasks and Durations'!$B$5:$B$15,MATCH('Resource scheduling'!$B9,tasks,0)) -> #N/A
A10: H | C10: =INDEX('Tasks and Durations'!$B$5:$B$15,MATCH('Resource scheduling'!$B10,tasks,0)) -> #N/A
A11: I | C11: =INDEX('Tasks and Durations'!$B$5:$B$15,MATCH('Resource scheduling'!$B11,tasks,0)) -> #N/A
A12: J | C12: =INDEX('Tasks and Durations'!$B$5:$B$15,MATCH('Resource scheduling'!$B12,tasks,0)) -> #N/A
A13: K | C13: =INDEX('Tasks and Durations'!$B$5:$B$15,MATCH('Resource scheduling'!$B13,tasks,0)) -> #N/A
B15: Resource tracker
B16: Designers (d) [Designers design] | D16: =COUNTIF(D$3:D$13,"d") -> 0 | E16: =COUNTIF(E$3:E$13,"d") -> 0 | F16: =COUNTIF(F$3:F$13,"d") -> 0 | G16: =COUNTIF(G$3:G$13,"d") -> 0 | H16: =COUNTIF(H$3:H$13,"d") -> 0 | I16: =COUNTIF(I$3:I$13,"d") -> 0 | J16: =COUNTIF(J$3:J$13,"d") -> 0 | K16: =COUNTIF(K$3:K$13,"d") -> 0 | ... AB16: =COUNTIF(AB$3:AB$13,"d") -> 0
B17: Metrologists (me) [Metrologists measure] | D17: =COUNTIF(D$3:D$13,"me") -> 0 | E17: =COUNTIF(E$3:E$13,"me") -> 0 | F17: =COUNTIF(F$3:F$13,"me") -> 0 | G17: =COUNTIF(G$3:G$13,"me") -> 0 | H17: =COUNTIF(H$3:H$13,"me") -> 0 | I17: =COUNTIF(I$3:I$13,"me") -> 0 | J17: =COUNTIF(J$3:J$13,"me") -> 0 | K17: =COUNTIF(K$3:K$13,"me") -> 0 | ... AB17: =COUNTIF(AB$3:AB$13,"me") -> 0
B18: Development engineers (dev) [Assemble and test] | D18: =COUNTIF(D$3:D$13,"dev") -> 1 | E18: =COUNTIF(E$3:E$13,"dev") -> 0 | F18: =COUNTIF(F$3:F$13,"dev") -> 0 | G18: =COUNTIF(G$3:G$13,"dev") -> 0 | H18: =COUNTIF(H$3:H$13,"dev") -> 0 | I18: =COUNTIF(I$3:I$13,"dev") -> 0 | J18: =COUNTIF(J$3:J$13,"dev") -> 0 | K18: =COUNTIF(K$3:K$13,"dev") -> 0 | ... AB18: =COUNTIF(AB$3:AB$13,"dev") -> 0
B19: Manufacturing takes time but doesn't require resouces as it is subcontract.

Sheet Tasks and Durations
A1: This sheet works as a look up table only.
A2: There's no need to edit anything here!
A4: Task | B4: Duration (days)
A5: Manufacture new 'Upper Torque Link' | B5: 9
A6: Measure new 'Lower Torque Link' | B6: 1
A7: Complete proof test of final assembly | B7: 3
A8: Measure new 'Steering sleeve' | B8: 2
A9: Design new 'Steering sleeve' | B9: 1
A10: Measure new 'Upper Torque Link' parts | B10: 2
A11: Manufacture new 'Lower Torque Link' | B11: 4
A12: Design new 'Lower Torque Link' | B12: 3
A13: Design new 'Upper Torque Link' | B13: 3
A14: Manufacture new 'Steering sleeve' | B14: 2
A15: Assemble all new Parts | B15: 1
